151,close,bol,sly ,saut,dogge,ruthless,permane,ca,for,close sl
152,ruthle,daring,pearls ,grou,thin ,quick,dugout,close,quic,bold pai
153,darin,quick,dogged,pin,close f,braids,boldly r,blithe ,ste,dogg
154,plate,dogged p,quickly ,fluff,blit,sly d,sly,dolp,dogged ,per
155,patt,braids a,blithe ,idl,excuse,caref,bli,blith,esc,dep
156,slow,even,ruthl,boldly r,idle d,final,blith,court,ruthl,braids n
157,dogged,asympt,sl,bli,flu,idl,neve,perm,somet,ruthless
158,ruthless,realms c,thi,close,brav,perman,qui,busy ,furious,perma
159,regul,even rut,bold t,quietly ,bold som,perman,bold slo,sau,ironica,saute
160,re,ide,daring s,idle,bold ,sly ,ru,boldl,platel,ruthles
161,epitaph,dar,fluff,fre,blith,careful,ruth,quiet ,bold ,ca
162,dec,id,silent,sile,courts,final,idly ,sl,brave fr,dogg
163,slow,alwa,perm,dogged,sentimen,fra,busily,blithe ,evenly d,blit
164,ent,Tiresias,fina,braids ,blithe d,car,bo,thin,multipl,frays
165,slyly,sil,sheaves ,bo,regu,pa,thin sh,theodo,idle ,stea
166,alw,ironi,thi,clo,iron,pint,stealt,close ,thin ,slow re
167,multip,sile,furious ,bold,brav,blit,close w,ent,thin,ruthless
168,permanen,attain,court,so,fluffy,brave ,sly asym,careful,sauter,brave w
169,waters ,blithe,braids c,escap,idly bo,daringly,blithe ,qui,idle t,slo
170,braids,ironic ,sly,busy bra,sl,ste,furious,dari,sheaves,foxe
171,quietly ,quick d,ironic ,realms,regular,slow,sly,Tiresias,slow id,busy f
172,final,quietl,dept,ruthl,qui,clo,ruthless,silen,ru,furio
173,busy r,furi,blithel,slyl,quic,dogged c,enticing,silen,ruthles,regular 
174,ru,blith,id,fra,daringl,ho,clos,sl,quie,sly cou
175,slyl,quietly ,caref,dogge,dogged ,brave d,brave ,entici,epitaph,platel
176,busi,busy wa,quick,qu,slow,furious ,quie,decoy,ironic,sile
177,fur,fluffy ,ruthles,silent,even do,dinos,thi,brav,patt,quietl
178,brave ,bold fu,regu,careful,ruthle,fu,stealth,slowl,sen,depths n
179,quic,pains m,att,even,br,silent,silent ,daring,bold,bold s
180,fluffy,ev,ruthless,idle,bold,fluff,quic,instru,bold d,somet
181,permanen,pains b,bravely,regular,bold dug,pains,ideas ,bus,ste,fret
182,excu,excu,flu,dol,regu,fluf,dug,busy qui,finally ,ruthless
183,entici,perm,gifts h,fin,blithely,idl,brave f,ruthle,qu,sometim
184,patte,sly,at,ruthless,quiet ,idle qui,blithe,qui,as,fluffily
185,qui,bold,entici,blithe ,enticing,st,regu,daring,rut,reg
186,busy ex,close,thin,dar,ca,fluffy ,doggedly,regul,quiet c,blithe e
187,al,close,quick do,stea,quiet do,clo,fin,blithely,escapad,reg
188,ruthle,escap,sl,enti,perma,quietly,fur,quick,stea,braid
189,ev,bra,car,quie,regularl,bold s,platel,blithe p,orbi,blithe
190,depen,dogg,fret,quiet as,entici,idle re,caref,fluffy ,evenly b,fo
191,enticin,ruthl,stea,dar,pains i,courts s,daring,bra,busy ,even
192,qui,notorni,entic,ir,gifts ,entici,fluffy ,thi,dogged ,thinly 
193,fi,stealth,final,stea,ste,idle b,thi,brav,permane,notorni
194,grouch,regular ,slyly st,final b,blithe ,darin,ir,silent,evenly r,busy
195,de,hockey p,escapa,excuse,caref,enticing,even pe,br,regular ,busy
196,Tire,ruthle,dari,ev,ruth,entic,asympt,sil,furi,reg
197,alw,foxes a,sl,asympto,furious,regular,enticin,dar,pla,ironic
198,never ,thi,boldly d,in,gift,brav,excuses,iro,platelet,Ti
199,furio,fluffy b,platele,fina,decoy,perma,quiet,entici,waters w,idea
200,quick ,rut,quiet de,ironi,brave,notor,careful,per,dugo,sly s
201,dinos,quiet,theod,never ,quickl,notorn,ent,notor,tithes ,reg
202,blith,perm,waters ,bold ,slow d,sly som,idle ,per,enticing,blithe
203,courts,stealthi,dar,permane,daring ,brave ,furiousl,fina,ruthles,at
204,pearls,doggedly,idl,ruthle,perm,gifts p,quick ,ir,idle,closely
205,daring o,close,clo,br,sly flu,busily r,slo,pinto be,silent f,bold dep
206,dino,bli,fluff,perman,dogged ,idle ,regul,ruth,slow ,slow
207,pearls i,tithes,fi,enti,patterns,even,even f,re,stealt,sly 
208,slow ,careful ,quick,sly,busy ,somas ,thi,fluff,foxes,idle 
209,busy ,idly dog,thinly f,idly clo,blit,clos,thin c,carefu,fre,eve
210,silent ,sile,fluf,quiet,slow,even,brave ,quick ,shea,bus
211,pinto b,silent,regular,flu,sheav,pat,asymptot,thin s,re,slow bus
212,idly per,dari,fluffily,permanen,stea,slow w,patterns,gif,brave ,slow dec
213,Tire,sly i,warh,epitap,quickly,boldly,per,thin,close,idle
214,dogged d,ste,slow rut,realms ,war,quiet w,blithely,sly real,finally ,perm
215,frets,dar,evenly q,entic,fin,foxes,slow flu,quiet s,boldl,qui
216,silent,qui,silent p,entic,fluf,excuses ,blithel,slo,regul,final g
217,bold din,grouches,bo,fin,furiou,regula,frays ,tithes ,ironi,theod
218,sly,bold pe,regula,entic,plate,sile,ir,soma,entic,brave qu
219,dependen,dogged f,flu,slow,even s,hoc,even ,epitap,steal,brav
220,thin i,dolph,final p,depths,perman,sauterne,furiousl,silent ,close mu,furiousl
221,thi,bra,dogged,bus,close c,ev,se,quiet,regular,bus
222,final,furious,fl,clos,daringl,frays a,carefu,blith,quic,idle reg
223,thinly f,courts ,regularl,bu,sile,st,platele,thin she,ironic i,ide
224,even ,quickly,instr,iro,quic,pinto be,ruthle,close f,attai,ca
225,warhor,platel,idle ,darin,even,quick,doggedly,daring ,dogged f,idle sh
76,blith,pi,dari,entic,ideas ca,bu,brave ,wa,bold,close s
77,ir,dinos pr,clo,bus,grouche,permanen,ruthless,brave ,slow,idle do
78,decoys s,depths ,orbits i,bold,quietl,final de,regular,darin,slow ,fox
79,quie,blit,thin r,always ,thin,dogged ,blithe,bold q,ruthle,dar
80,fluffil,ruthles,close r,pearl,furiou,gifts mu,theodo,dec,pinto b,carefull
81,iro,sometim,daring,dogge,sly,brave,bold ,dinos ma,bra,bl
82,some,dogge,blithe,slo,dolphins,fi,regularl,blit,ironic ,ep
83,orbits w,perm,ruthless,ruthl,ne,ruthless,stea,evenly,silentl,sile
84,sentimen,flu,quiet t,qui,silent,quickly,sen,se,idl,quic
85,close,pains,si,realms ,slyly,sly hock,ironic ,even de,regular,daring
86,daringly,dari,fluffy,blithe d,sl,sauterne,she,idle mu,thinl,daring 
87,permanen,fluf,iro,iro,perman,ru,quiet,busy ,steal,finally
88,regula,warth,slow,regular,blithe,silent c,per,slow,idle no,fi
89,the,fina,gi,depende,quick s,esca,gifts ,bus,quiet th,qu
90,car,daring,in,fluff,reg,sauterne,iron,thin flu,grouc,furi
91,stealth,exc,frays co,quiet,iro,excus,boldl,tithes a,bo,quick 
92,quic,eve,flu,per,perm,war,eve,quie,iro,multipl
93,thin ,silentl,bold th,asymptot,mult,busily,busi,pi,someti,ir
94,warhor,close,qu,doggedly,sly s,regul,ep,qui,thin bra,depth
95,quiet e,plate,perma,bold ,alwa,silent e,daring,dar,tithe,pat
96,daringly,busy,close w,bold co,pat,sile,fl,foxes po,frets ki,slowly q
97,bold bra,neve,flu,reg,furi,slow p,ironi,idl,ironic b,epita
98,fu,entic,instr,sentim,furiou,dog,dino,blithe,bold,stea
99,slow,cou,iron,ruthless,multip,eve,thin rut,re,de,slow d
100,regular,sly ,ironic,attainm,bold,thi,pearls w,rut,enticing,always
101,noto,thinly t,tith,dolphins,daringl,bli,dogged s,cou,evenl,thin ti
102,dinos,gift,ironic ,bli,sautern,bus,idle cl,dog,even the,daring
103,regu,carefu,dugout,sautern,dogg,quie,depths i,fluffil,escapade,instru
104,perma,id,bol,iron,attainme,idle,frays i,dari,quick ,busy re
105,slow pin,quiet,forges w,sl,thin q,enticin,stealthy,blithe s,st,silentl
106,dogge,even ,dolp,evenly ,dog,bus,ent,blit,re,decoys
107,re,final s,pinto b,ep,multipl,closely ,busy s,slow ca,foxes wa,dogge
108,boldly s,perm,hocke,dec,caref,decoys ,ne,busy b,idly car,fr
109,dog,depende,platele,esc,closely ,qu,iro,multipli,plate,dogg
110,ir,som,dug,thinly i,idl,courts,theodo,evenly c,frays im,th
111,fur,escapa,fur,close ,platelet,bli,quiet m,Tiresi,foxe,quickly 
112,notorn,warh,qui,fluff,forge,sil,never,pea,thinly ,idle
113,ste,idl,pa,busi,car,enticing,pai,idle,caref,warhorse
114,dept,idle in,busy ,forges w,quic,warthogs,thin ,bo,enti,fluffily
115,tithe,busil,escap,wat,thinly ,close ,furiousl,steal,sly g,carefu
116,excuses ,silentl,bl,inst,ca,depths ,orb,enticin,pint,thinl
117,mul,silent,furi,realms,permanen,sl,depen,careful,darin,dogged
118,steal,furious ,slowly ,dinos mi,stealt,entici,stealth,somas ,sauterne,car
119,brave f,enticing,ruthle,ruthl,pinto be,real,fluf,qu,rut,dogge
120,bravely ,blith,bravel,rut,orbi,forges ,fin,some,silent ,cou
121,thin br,blithely,furio,orbit,fr,evenly ,depen,blithe,dogg,sau
122,dino,brav,carefu,fluff,asym,realms ,pains,braid,som,brai
123,sly,blithely,gifts ,ideas ,fu,orbits,decoys s,sile,idly bu,furio
124,thin,excu,boldl,darin,busy,per,furious ,quiet s,furi,orbi
125,permanen,close,busily b,sauter,braids ,depend,caref,thin p,clos,final pa
126,fox,perman,nev,regula,depths,wart,excu,multipl,bo,brave
127,multip,noto,silent w,boldly d,enticin,fluffy ,slow in,slow,ruthl,blithe 
128,ruthless,quie,stealth,entici,cl,close or,furiousl,enti,excu,enticing
129,iron,sil,always,ruthles,bold f,attainme,pains m,close b,reg,slow 
130,ironic,dogged ,noto,even so,per,dogge,quietly,ironic,dar,careful 
131,quiet,car,in,no,per,quick e,ru,gifts ,car,busy
132,care,quick qu,entici,blithe,shea,ideas bo,sly,iro,idea,furious 
133,regula,darin,forges h,warh,slow,bravely,furious ,eve,instru,daring
134,forge,quie,pinto ,quiet ,enticin,clo,rut,slow,silent ,sile
135,the,hoc,idly br,blithe,ruthless,care,close ,idle ,sheave,carefull
136,stealth,theod,dogged,ironic ,idly dog,saute,enticin,boldly,idl,thin
137,slyly sl,sen,evenly ,ruth,stealt,regular ,forges,blit,permanen,close
138,ir,bli,hockey ,slyly ,bra,dar,bravel,fin,flu,epi
139,ironic,idly,regula,fo,gifts be,so,quietly ,sheaves,perman,slyly
140,evenly q,even bl,gifts be,cl,theo,entic,regula,ide,thinly b,ruthle
141,never ,dino,fluffil,warthogs,fina,realm,sly stea,bra,fi,idly en
142,regul,som,even,regular,forg,daring b,decoys d,perm,real,furio
143,steal,quick,furi,slyly ,bli,idle br,quiet ,iron,excuses ,br
144,war,car,sly,cl,close qu,somas n,brav,qui,flu,idl
145,permane,idly iro,quick ir,silent p,epit,clos,idle ,perman,qui,busily
146,dogge,quiet Ti,furious ,ste,close qu,epitaphs,brave ,esca,forges p,sly e
147,thin a,slyly s,bold s,thinly,final,ruthl,sly s,daring,slow re,ironi
148,regular ,ironi,dinos ,permanen,sly b,silent ,close,darin,regular,enticin
149,ruthless,steal,furiousl,never ,deco,hock,as,theodol,fox,thi
150,patte,Tir,fluffil,bold bu,dinos do,st,clo,regul,theodo,entic
1,busy ,perman,ironic ,evenly f,blith,thinly q,quic,bold e,steal,war
2,bold ,Tiresia,sile,notor,busy ,entic,ruthle,frets,fluffil,car
3,fluffy,courts a,fluffy p,qui,idly eve,fluff,busy w,clo,sautern,ent
4,steal,depths,sil,bol,rea,quickl,si,busy,close ,fur
5,id,iro,clo,bo,fin,brave,id,quick,close,enti
6,saut,perman,dino,notorn,dar,brave s,carefull,entici,foxe,bravely
7,evenly,Tiresias,si,hockey,ruthless,pat,busy pa,thinl,depth,ironic 
8,depen,furiou,hockey,final,silen,regular ,di,always ,court,sauter
9,so,regular,frays i,perm,thin car,fina,for,dogge,dari,dogg
10,dogge,pin,warthog,idle ,warho,ironic,furi,quiet,per,hockey
11,careful ,perman,blithe e,hockey p,enticin,asy,Tire,bol,bli,furiousl
12,depth,evenly,dolph,brav,epitaphs,bl,bus,regul,esc,daring 
13,fre,busy ,pains,bra,gift,brave ,careful,caref,eve,warthog
14,flu,stealt,daring d,iro,even p,slyly qu,steal,realms e,furio,attainm
15,car,eve,care,asymptot,regu,daring ,quick ,furious,iro,thin qui
16,epitaphs,clo,idle,close wa,pe,Tiresia,stealthy,idly,slyly ,sly qu
17,permane,fin,even n,quickly ,close e,epi,even,silent ,she,ruthl
18,depth,eve,silen,busy,entic,theodol,regular,patter,braids ,doggedl
19,bo,regu,idl,daring,thin sil,ruthles,fluff,orbits,final,iro
20,multi,final f,fluffy ,bold,pe,furious ,ruthles,decoys a,daring,instruc
21,idl,always r,excu,regula,regular ,dogged,quiet ,perman,sly ste,dog
22,alwa,frays,pa,bus,someti,mul,carefull,even ,bli,iro
23,din,warho,stealthy,ironic s,silent ,braids ,th,bus,dinos pl,iro
24,epitaphs,furi,dog,daring w,dogged,sautern,doggedly,furious,pearls ,saute
25,ins,warhors,quick d,gifts ab,busy ,es,silent,fluffy ,Tire,sly bra
26,ins,evenly,fluffil,epitap,do,noto,fr,bold clo,pai,daringl
27,dogged,evenl,clo,car,fret,bol,gi,orbits b,quiet ,always
28,careful,fluffy s,notorn,even,sheaves ,bold,regul,quiet,always,somas d
29,clo,quickly ,bold dol,close bo,close,idle bo,dogged,always,dari,br
30,darin,idle,tith,perman,regu,ruthle,slo,fur,iron,di
31,enticin,hocke,bold a,quic,bli,furiou,multipli,fluffil,ideas ,sile
32,brav,re,entici,pains c,platelet,warh,stealt,dar,bl,idly 
33,braids,bus,iro,quic,regula,never b,sent,permanen,pinto b,multi
34,enticing,fina,sile,daringly,idl,plat,idl,ironic,final,ste
35,sly,per,idly ,busy ,thin,slyly r,silent d,bravel,dogged s,slow 
36,braid,bravely ,idle,thin ,silen,quick no,asymptot,fluffy,fray,thi
37,braids a,bol,qui,fin,bra,furious,perma,ste,slyly,thi
38,idly thi,stealthi,quiet,dogged d,forg,slow b,re,sometim,bold ,fluffil
39,hockey ,multipli,slow st,slo,forges,silent,warho,fluffil,asymptot,forges
40,pe,quick f,atta,ruthle,daring q,enticin,platel,wa,even ,braids
41,hocke,epita,thi,sile,ruth,depe,quic,clo,regu,quick r
42,carefull,br,hocke,qu,stealthy,fin,blith,sly not,even s,dar
43,courts,caref,fin,si,daring ,orbits,epi,careful ,clos,hockey 
44,pearls,fluf,ironic ,bold the,dari,notorn,warhorse,never,fluffy,boldly
45,fu,ru,bol,gifts ,br,fluff,depe,cour,patter,ruthless
46,furio,furious ,caref,warthogs,dogged f,hoc,dinos du,sil,sentimen,thin
47,shea,cl,slowl,excus,quiet ,pai,th,slow rut,thi,stealth
48,cl,brave,escapade,idly c,slo,orbi,thin do,ruthle,busily,quietly 
49,ironic t,sl,permane,ent,ruthles,quick q,dogg,pains ,excuses ,pinto b
50,dogge,furiou,quick c,sly st,sent,busy s,silent,always ,quick sa,fin
51,silent ,cl,depend,silen,si,slowly,quick,dep,dolphin,fluffy p
52,ins,dar,busy fu,sheav,decoys,busy ,clo,al,daringl,forge
53,idl,blithe ,car,fluffy ,fina,sheaves ,qu,brave,clo,reg
54,pai,ironical,final,bli,busil,finally ,sly c,rut,blithe p,idl
55,notorn,gifts ne,thinl,sauterne,somas,eve,asy,bli,fina,braid
56,idly f,Tire,regula,blithel,sly p,escapad,dogg,blithe,quiet,silent p
57,fluff,quie,fin,qui,enti,even,sheav,slowl,permane,ir
58,brav,quiet,permanen,ruth,fluffy,regula,sh,at,brave,grouches
59,fluffy ,braids m,bli,frets ac,slo,courts ,stealthy,steal,entici,bol
60,ruthless,idle,dolphi,regula,final,att,en,quiet di,busil,never 
61,fu,brav,tithes ,fl,st,closely,gi,pat,patterns,close
62,flu,eve,reg,eve,quie,dinos sh,regularl,depths s,excus,foxes
63,steal,quie,perm,escapad,entic,brave,multi,iro,pains ,multipl
64,even,slow flu,regular,epitaphs,attainme,forges a,sl,ruth,silent,mu
65,fluff,dar,furi,blith,furi,idea,pearls c,quietl,final,warthog
66,grouches,bold,idle,gro,always ,reg,id,slyly f,entic,fl
67,neve,silen,quiet,qui,bo,ironi,fina,tithes,dar,furious 
68,do,permane,quick,brave bl,re,nev,sile,furious,sly wa,orbi
69,sil,attai,car,entici,final,dolphins,dolphins,reg,care,final 
70,finall,ir,water,even p,ruthl,busily ,bli,decoys,permanen,idly 
71,pe,de,quickl,enticin,thin sil,stealth,qu,entici,sautern,ironic
72,steal,dol,close ,fret,sly cour,ste,carefu,idl,fi,wart
73,fluffil,quie,daring ,fluffy ,qu,qui,fluff,sau,pinto be,ironi
74,clos,bol,final no,permanen,carefu,water,ca,bold flu,finally ,theodo
75,daring d,depe,thin,slow ,entici,stealt,nev,slow,thi,busy mu
226,fluf,thin fra,bold th,perm,pain,att,esc,quickl,silent,fin
227,silent e,hockey ,brave pe,brave,final en,ironi,ironic b,idly bl,slow p,dugouts 
228,ide,quick w,sly ,dugo,som,busy fl,somas,alw,quie,sly excu
229,ste,bus,thin f,tit,thin flu,theo,excuses,somas,permane,silent
230,dar,fluffy,silent ,never b,de,bo,ru,caref,attainm,regula
231,bra,senti,fluf,quiet p,idly,fin,thi,warhorse,doggedly,thinly
232,quiet s,blithe s,pains,asym,finall,courts,never,never st,sly,brave e
233,quickl,sauter,warthog,idea,blithe,sentime,sil,dogged p,final,bus
234,thinly e,bo,sly b,sil,sile,blith,fin,slow fur,blithe,fray
235,thin,Tires,ideas tr,closely,regula,slow,bus,darin,idl,car
236,quietly,foxes m,busi,ironic ,sheaves,fur,quick ,brave ,bus,even
237,braids i,regul,fluffy b,brav,closely ,id,somet,enticin,dogg,pin
238,br,gr,thin st,sentimen,dog,bus,qu,idl,notorn,finall
239,qu,careful ,quietly,dari,quie,ent,careful ,daring,perman,fur
240,quiet e,dogged,ca,asy,fina,car,Ti,final r,waters ,bold per
241,stealt,ir,somas ,per,silen,warhors,sl,even id,silent,regul
242,decoys ,dogg,dino,bl,busy ,bravely ,fluffy ,blithe ,even sly,always
243,quiet ,idle,always b,sile,asymp,perman,dinos ,for,regula,warhors
244,attain,stealthi,bold s,sly t,senti,daring d,thin,regularl,permane,furious
245,perman,wa,stealt,ruthl,boldl,ru,entici,epita,mu,careful
246,grouch,silen,thi,da,dugouts,stea,slyly s,hoc,caref,regu
247,sile,close re,alw,grouche,bold pa,idle,warhorse,quick b,eve,some
248,quietly,slyly fl,fluffy w,braids ,quick,slow,dogged d,regular,slyly ,sly noto
249,quic,permanen,bold fi,brave,busy bo,dogge,qu,quickly,iro,quick
250,even id,dugo,foxes ,silen,fluf,idl,dogged q,qui,cou,dugou
251,se,permanen,final no,gifts b,reg,wa,thinl,furiou,quick wa,slow bus
252,regul,sl,pinto,slow,tith,iro,close b,perman,thin br,even fr
253,forge,thin ,sl,ins,silent ,hockey ,ideas ma,brave,close f,da
254,hocke,waters,brav,idle,qui,regu,boldly b,close,doggedl,frets 
255,care,idly ,brave id,thinly,ruth,Tire,slowly s,furious ,clos,gifts 
256,exc,sentim,warhor,gifts,permane,flu,close,idl,sly,slow da
257,iron,per,slyly b,th,regu,brave de,plat,entici,sentimen,slowly 
258,regul,carefull,ste,sl,stealthi,dog,quie,entic,sl,quiet 
259,forg,closely ,quie,ruthl,silen,patte,orb,theodo,furi,finally 
260,blithe,pearls u,carefu,tithes ,dogged d,pa,regular,realm,for,never 
261,dari,furious ,silen,silen,bo,car,wartho,sen,ev,quiet
262,iro,ruthles,platele,furious,even th,quick ,blith,ironic ,pi,quick
263,slow bra,frays,final ,slow st,car,warh,the,quick,careful ,idl
264,sent,blithe,slow d,din,ruthless,never s,bravely ,enticin,idle fur,theod
265,furio,fi,slyl,fin,ste,permanen,enti,bold s,furious,depend
266,sometim,notornis,esca,brave ,sly ,entic,alw,wart,idle si,cl
267,dugo,sly i,permanen,busy,slowl,ideas b,final ,dogge,slow ,stealthy
268,reg,ironic ,busy qu,frets p,depend,busil,plat,enticing,fluffy e,busy war
269,final ,frets wo,enticing,ins,regular ,dog,ent,st,quiet,slow
270,water,bold fu,depth,sly,busy bli,silently,quickl,perman,even s,notorni
271,Tiresi,sau,for,blithe s,senti,quic,busi,fluffy,frets,brave ti
272,silentl,pain,regul,perma,patterns,entici,gifts a,carefull,somas sh,courts 
273,qui,wate,steal,foxes th,closely,multipli,da,stea,re,sa
274,pe,doggedl,sly q,quick,stea,dinos,for,iro,dugout,dogge
275,ruthless,quie,sent,fluf,fluffy ,regular ,wat,fin,fina,clo
276,platelet,busy cou,alway,enticin,brave,steal,slow de,pea,dogg,fu
277,perm,dogged,stealth,ironic,bus,bus,excus,iron,carefu,tithes 
278,idl,alway,asympto,silen,warhors,ent,pear,de,perma,som
279,multip,quick ,th,dep,regul,asymptot,idl,ru,steal,sly w
280,sly dol,ironica,blit,sly iro,thin sil,stealth,idle ev,tith,forg,qui
281,daring ,sly,theodo,even bus,dugout,Tiresia,iro,busy ,bus,silent t
282,furi,ruthle,ironi,iron,pearl,slow,silent,nev,slowly,fluffy h
283,nev,sly wa,qui,warhors,idl,depths,brav,ste,so,darin
284,busy ,silent,slyly,busi,perma,dugo,always f,care,stealthy,per
285,daring,thi,quietly ,ste,sometim,quiet ,thin e,stealt,stealth,braids 
286,dogg,quietly ,evenly ,id,stealthy,dogged,sometime,dep,ruthle,cl
287,fluf,furio,careful,patte,asympt,inst,foxe,close ,sile,busy 
288,br,bravely ,pe,carefu,ent,daring s,fluf,alwa,quick,caref
289,sly ,thinly,quick b,stealth,fluf,regu,qu,brav,perm,decoys b
290,bl,fluff,ruthles,court,asympto,excuses,re,thin f,dolphins,quiet
291,si,escap,idle cl,always q,frets ,fina,regular,depths ,fl,sometime
292,bravely,perm,iro,caref,stealt,furious,stealth,slowly s,brave qu,darin
293,slyly ,stealt,ironic,blith,thinl,silent i,dogge,bra,quic,eve
294,fluffily,clos,per,dar,fu,pear,stealth,blithe ,close,iro
295,dugout,dog,carefu,gifts ca,tithes,dogg,slowly ,final a,permanen,entici
296,blithe ,silentl,multipli,dugou,enticin,regular ,ent,ruthle,slow ,bold fox
297,stealth,stealthi,regula,idle fra,epitaphs,sentime,always ,regu,daring,close 
298,final ,fl,evenly q,frays,dinos at,attai,she,dar,car,quiet 
299,sentim,hock,slyly,blit,final ,fluffy s,realms ,regula,qu,do
300,ins,forges d,careful,silently,idle,always ,carefu,hockey ,caref,dar
